,SPY,QQQ,IWM,EFA,EEM,TLT,LQD,GLD
SPY,,0.0004266701347281966,0.0033234108631981485,0.05024174019970008,0.0008610739562162286,0.1029187340477894,0.034061045525990555,0.1531649100830985
QQQ,0.29592290920757097,,0.8190632087532136,0.9619624166022114,0.561630408557674,0.969271365901589,0.10838143386163401,0.14881560803314692
IWM,0.1182703901160026,0.3612177191901619,,0.10872242078231484,0.3043305162824478,0.08127630455646154,0.003581726668962805,0.43750772404450866
EFA,0.09038020229196533,0.057451202135617475,0.1826013738181714,,0.05396636287563672,0.34165001734201705,0.09063558585116128,0.25950169620240754
EEM,0.6992395587592939,0.45743519983637515,0.9225889311094952,0.8495675558514861,,0.4132734428833399,0.35948173412006024,0.005337597516059845
TLT,8.655783433138248e-05,0.07797994802782811,0.0019983861970260934,0.02393238305821142,0.03597999825459429,,0.8126465453219464,0.26564873726265487
LQD,3.9768384408730236e-08,0.002586795910208589,5.6482012754965275e-05,3.973176040972046e-05,0.0007066801144886521,0.008508774392036818,,0.049639986604285334
GLD,0.4900602338982575,0.48766151382406,0.3228688011780334,0.29967747531025507,0.35101388756866136,0.616462949120461,0.8319301439674798,
