,SPY,QQQ,IWM,EFA,EEM,TLT,LQD,GLD
SPY,98.64189370053876,0.10303075723536383,0.160757576949138,0.2564989435485976,0.022934351472358058,0.03371543917959208,0.7510487482984017,0.030120482777797438
QQQ,86.15271154294928,13.136229700695857,0.08947989816602932,0.24730445896039843,0.03737267943596871,0.04589433850557849,0.2604830247662053,0.030524356520690174
IWM,77.58213433054007,0.6280396672504548,21.04857825838609,0.2093451582117036,0.0017303412104923645,0.014818604499335293,0.4642752863490603,0.051078353552793374
EFA,73.1272652460775,1.2599164107155638,0.5853452923936839,24.388589461118894,0.006966389516078673,0.10464176950433833,0.47406356585836185,0.053211864815586866
EEM,60.85612298879403,0.08115701489717796,0.6951784331261754,12.47526137095122,25.4147401852994,0.14361923980797825,0.2906289470723981,0.043291820051631784
TLT,8.873478080706303,1.561408312387988,0.12874513644585203,0.22719020257212616,0.06405526731459033,88.93808349187331,0.18151143994773766,0.02552806875209168
LQD,4.072601048641007,0.21266576846092744,0.47821294381273294,0.3884703375418958,0.07471426252375682,60.69205202586506,34.07158201002289,0.009701603131745373
GLD,0.40464824482870515,0.06529480118195734,0.1442058962623187,3.723926414828881,1.9968807615654733,6.549580063524071,0.788807026152415,86.32665679165618
