,SPY,QQQ,IWM,EFA,EEM,TLT,LQD,GLD
SPY,0.24275657232065834,0.2100586243730074,0.18902079241310152,0.1793066314214513,0.1472769949707756,0.020398964197409594,0.010147857820090195,0.001033562483506082
QQQ,0.23501235319769312,0.2695118884374652,0.17081068914039615,0.15654377214926077,0.14278372139214418,0.013729356004039333,0.01047814786903675,0.0011300718099644725
IWM,0.21219552103476672,0.17160187582919745,0.26998242587468874,0.17326615579120044,0.1427431581171605,0.01925272369326448,0.009577048937822505,0.0013810907218992005
EFA,0.1934968273682907,0.15150128588399833,0.16671493746270083,0.26186712115725275,0.1889105379292764,0.02147505328765339,0.010325724626097002,0.005708512284730604
EEM,0.1743166427237012,0.1513117179759636,0.14975601312673767,0.20528805122529464,0.28177619822830574,0.0181256995204494,0.009826524966396811,0.009599152233150972
TLT,0.04746668013101497,0.029327787578427144,0.03859375922222309,0.04464799035785646,0.03299079641106879,0.5296473638584961,0.2518366125635259,0.02548900987738759
LQD,0.023623530290976184,0.022094741042786487,0.022282724611829282,0.02355791537381159,0.020841659556972068,0.27060055764751734,0.5748006390879764,0.04219823238813061
GLD,0.0034196135567647525,0.0030070943384227964,0.003879848931782781,0.017932570177161752,0.029506034580957644,0.04024711557085447,0.06324534886547376,0.838762373978582
